movie_id,actor_id
1,2380
1,65
1,1580
1,3010
1,3035
1,3372
1,1767
1,2998
1,61
1,799
1,7
1,3451
1,1197
1,1746
1,3110
1,62
1,2609
1,2157
2,1383
2,2140
2,2383
2,1752
2,860
2,1540
2,888
2,1550
2,1819
2,863
2,1176
2,3050
2,3110
2,3537
2,1589
2,396
2,1780
2,3695
3,2179
3,2929
3,341
3,513
3,1801
3,941
3,2291
3,3297
3,2372
3,487
3,176
3,1116
3,2075
3,1341
3,2714
3,16
3,2496
3,2565
4,3522
4,2607
4,410
4,3739
4,640
4,1201
4,2373
4,1599
4,1668
4,2115
4,2670
4,446
4,753
4,1817
4,1845
4,2812
4,2984
4,3213
5,65
5,3032
5,3035
5,799
5,1746
5,3451
5,2148
5,2500
5,1131
5,2997
5,1154
5,3547
5,472
5,1086
5,1059
5,2609
5,2342
5,2168
6,609
6,1362
6,2
6,2480
6,2279
6,1147
6,2607
6,2604
6,3084
6,636
6,584
6,2678
6,965
6,3024
6,223
6,1967
6,666
6,1825
7,3470
7,51
7,3274
7,3496
7,2418
7,1469
7,1959
7,3784
7,1421
7,3603
7,3788
7,3466
7,43
7,2093
7,3137
7,1884
7,2634
7,3269
8,920
8,3647
8,1461
8,2713
8,125
8,3215
8,743
8,1739
8,3216
8,523
8,2747
8,390
8,3153
8,138
8,2400
8,432
8,3002
8,1624
9,3341
9,2149
9,593
9,597
9,2771
9,2142
9,1615
9,2769
9,1873
9,1871
9,2768
9,1874
9,1715
9,1872
9,2025
9,1454
9,26
9,2022
10,3581
10,3438
10,1965
10,3801
10,1905
10,694
10,1506
10,2558
10,3223
10,3785
10,416
10,3784
10,3787
10,2063
10,903
10,2012
10,1865
10,286
11,656
11,918
11,2150
11,87
11,2244
11,2918
11,961
11,654
11,1740
11,2214
11,235
11,3183
11,347
11,190
11,236
11,89
11,64
11,3240
12,3470
12,2518
12,3452
12,3840
12,589
12,3447
12,2090
12,2976
12,1961
12,2096
12,2711
12,1122
12,3468
12,1952
12,3580
12,56
12,1410
12,2093
13,2583
13,3113
13,2332
13,3436
13,3757
13,3467
13,3136
13,3807
13,3828
13,2059
13,3593
13,3442
13,479
13,3273
13,3292
13,2515
13,1964
13,46
14,3595
14,302
14,36
14,3779
14,2097
14,2424
14,1949
14,3786
14,2413
14,2054
14,1294
14,284
14,3488
14,1414
14,2517
14,3293
14,3423
14,2529
15,3251
15,1290
15,450
15,2251
15,1571
15,2750
15,1628
15,1509
15,718
15,1915
15,3264
15,1251
15,2280
15,148
15,1698
15,185
15,1547
15,2913
16,3032
16,2952
16,1727
16,2226
16,2815
16,1086
16,3567
16,2534
16,1088
16,629
16,1080
16,1378
16,1204
16,526
16,560
16,3402
16,771
16,2331
17,3136
17,2600
17,3138
17,246
17,2710
17,1899
17,1910
17,2416
17,3205
17,1946
17,540
17,3796
17,1906
17,3797
17,3437
17,3829
17,2585
17,3279
18,380
18,456
18,1619
18,1124
18,591
18,1296
18,776
18,294
18,1984
18,382
18,2603
18,2120
18,3316
18,1489
18,1274
18,406
18,1635
18,2078
19,3525
19,3854
19,2966
19,1631
19,1821
19,291
19,1044
19,739
19,625
19,2261
19,3363
19,568
19,3348
19,3073
19,313
19,137
19,1221
19,1897
20,2371
20,1330
20,514
20,394
20,216
20,754
20,2852
20,1994
20,1085
20,92
20,1681
20,1763
20,1546
20,790
20,657
20,1991
20,1851
20,2497
21,3251
21,1571
21,1290
21,2280
21,450
21,2192
21,2251
21,3865
21,1773
21,2037
21,2685
21,1934
21,2186
21,606
21,2652
21,899
21,2750
21,1251
22,1785
22,3611
22,3177
22,3523
22,147
22,2125
22,2861
22,1090
22,480
22,467
22,3660
22,2797
22,458
22,3089
22,966
22,1685
22,2488
22,1149
23,2430
23,3227
23,3074
23,783
23,813
23,2256
23,3663
23,471
23,959
23,2452
23,248
23,2320
23,2824
23,2193
23,1036
24,902
24,2090
24,2099
24,1406
24,3228
24,1209
24,2052
24,1396
24,1416
24,3457
24,3034
25,1544
25,2233
25,2478
25,2840
25,766
25,146
25,3208
25,2619
25,726
25,3729
25,1827
25,2110
25,2660
25,1976
25,2468
25,3413
25,1941
25,622
26,1720
26,220
26,3211
26,3476
26,218
26,459
26,798
26,1929
26,558
26,3586
26,3067
26,3087
26,725
26,1670
26,1092
26,2809
26,702
26,603
27,3581
27,3821
27,3470
27,2092
27,3469
27,1506
27,1989
27,3445
27,3438
27,1866
27,2712
27,3844
27,3596
27,2558
27,903
27,2419
27,2411
27,3579
28,224
28,1613
28,3636
28,1756
28,2383
28,1769
28,3324
28,1073
28,2780
28,3633
28,2253
28,1736
28,2610
28,1041
28,3688
28,2901
28,2049
28,1790
29,1596
29,1238
29,3706
29,3502
29,2959
29,1847
29,3091
29,1185
29,3190
29,1077
29,1696
29,2938
29,1496
29,1357
29,1687
29,315
29,350
29,2683
30,3793
30,696
30,3443
30,1394
30,1347
30,2062
30,300
30,2557
30,1912
30,3017
30,692
30,2461
30,2466
30,3396
30,1885
30,3756
30,2580
30,3823
31,3600
31,2379
31,556
31,935
31,1787
31,1382
31,1464
31,3576
31,2721
31,3613
31,1062
31,2866
31,3121
31,2781
31,824
31,2114
31,3688
31,868
32,116
32,2136
32,2430
32,2859
32,851
32,1800
32,3248
32,1663
32,129
32,942
32,883
32,2506
32,3052
32,2247
32,2017
32,1266
32,733
32,3061
33,3438
33,2711
33,3277
33,1351
33,2558
33,2539
33,416
33,2561
33,1905
33,2286
33,2712
33,286
33,1506
33,2419
33,3844
33,2079
33,904
33,2715
34,1596
34,835
34,2203
34,3511
34,1386
34,375
34,1081
34,3697
34,1228
34,1281
34,1073
34,3532
34,3179
34,2406
34,3667
34,562
34,3192
34,3730
35,3733
35,1229
35,969
35,2639
35,1106
35,2217
35,1551
35,1094
35,2117
35,548
35,532
35,1363
35,483
35,200
35,1281
35,2951
35,1634
35,1104
36,546
36,2821
36,1381
36,3527
36,575
36,1305
36,3357
36,59
36,2992
36,533
36,2563
36,2614
36,3718
36,895
36,1108
36,3176
36,1842
36,3477
37,1449
37,1488
37,2807
37,645
37,671
37,3411
37,2851
37,3144
37,2273
37,837
37,1833
37,1776
37,2165
37,682
37,5
37,958
37,862
37,261
38,541
38,2207
38,2084
38,912
38,627
38,1301
38,1438
38,3367
38,577
38,2133
38,582
38,2553
38,631
38,1448
38,586
38,587
38,542
38,3594
39,1160
39,833
39,769
39,1643
39,2548
39,683
39,850
39,3023
39,842
39,762
39,1735
39,3289
39,332
39,3391
39,1737
39,2346
39,369
39,744
40,2489
40,622
40,2135
40,679
40,3551
40,650
40,2309
40,3707
40,1169
40,1057
40,1597
40,1521
40,521
40,397
40,1344
40,832
40,2206
40,680
41,3538
41,2434
41,3548
41,890
41,327
41,13
41,3655
41,1213
41,1682
41,3474
41,2804
41,785
41,1731
41,2454
41,858
41,713
41,775
41,1462
42,2043
42,2930
42,19
42,1172
42,3702
42,2993
42,1729
42,612
42,1689
42,2842
42,946
42,360
42,1972
42,3524
42,1105
42,1783
42,1322
42,2796
43,1383
43,545
43,648
43,1627
43,1134
43,2763
43,3748
43,1535
43,1957
43,1091
43,2204
43,2213
43,3165
43,84
43,2971
43,1810
43,1076
43,2352
44,2396
44,2380
44,3035
44,1112
44,3168
44,2126
44,79
44,1330
44,787
44,1131
44,1691
44,3211
44,407
44,1588
44,2000
44,3085
44,3543
44,685
45,2195
45,2871
45,2174
45,740
45,2985
45,1799
45,604
45,1620
45,2729
45,227
45,505
45,252
45,1427
45,3412
45,3197
45,3500
45,925
45,1795
46,3581
46,3834
46,1280
46,3471
46,996
46,1507
46,3470
46,3272
46,2516
46,3466
46,2418
46,1862
46,943
46,3432
46,1395
46,2716
46,3495
46,1419
47,3830
47,3814
47,3839
47,1913
47,2410
47,3593
47,3395
47,3494
47,2287
47,53
47,41
47,2576
47,1422
47,1958
47,54
47,2036
47,2515
47,3781
48,2371
48,1330
48,514
48,2844
48,92
48,216
48,1994
48,2852
48,754
48,2860
48,3265
48,1546
48,108
48,870
48,852
48,781
48,1142
48,1539
49,179
49,1645
49,2504
49,2869
49,2962
49,2310
49,1656
49,876
49,73
49,1639
49,2521
49,1177
49,2958
49,2242
49,2868
49,855
49,1279
49,1646
50,217
50,1135
50,348
50,71
50,2986
50,1569
50,117
50,1391
50,1133
50,2219
50,160
50,2650
50,3226
50,894
50,3334
50,504
50,857
50,2249
51,1888
51,1389
51,2057
51,1441
51,2395
51,358
51,983
51,2393
51,1370
51,3615
51,647
51,1603
51,2927
51,1716
51,2737
51,2065
51,2254
51,2390
52,2039
52,3774
52,2092
52,908
52,1471
52,421
52,3833
52,580
52,2018
52,1978
52,2419
52,3139
52,58
52,1909
52,3284
52,2412
52,1963
52,2643
53,546
53,3664
53,1043
53,1340
53,59
53,1305
53,1789
53,1524
53,3421
53,3643
53,74
53,1334
53,868
53,1381
53,887
53,371
53,482
53,1662
54,3060
54,2434
54,338
54,3363
54,1771
54,2915
54,667
54,520
54,664
54,2436
54,2934
54,3027
54,705
54,136
54,789
54,3649
54,3256
54,3028
55,2854
55,1165
55,3372
55,1957
55,3330
55,2841
55,1585
55,3588
55,1533
55,1075
55,3041
55,1226
55,3102
55,3252
55,1295
55,2817
55,2128
55,1233
56,589
56,579
56,3419
56,3245
56,1349
56,2082
56,2092
56,903
56,2712
56,3294
56,1420
56,3489
56,2618
56,3585
56,3604
56,3150
56,3853
56,2572
57,262
57,2199
57,892
57,3042
57,861
57,1725
57,3143
57,522
57,724
57,1673
57,3750
57,2173
57,1975
57,3051
57,2839
57,3254
57,2483
57,1616
58,3318
58,3549
58,1764
58,3640
58,1338
58,1460
58,3755
58,417
58,1372
58,873
59,2438
59,1683
59,1585
59,3096
59,2690
59,1703
59,3716
59,3039
59,2595
59,2661
59,3862
59,572
59,978
59,2275
59,1802
59,1089
59,528
59,1846
60,3349
60,3258
60,145
60,3408
60,3599
60,1262
60,2759
60,3257
60,1713
60,8
60,1733
60,273
60,334
60,3221
60,400
60,792
60,401
60,793
61,3318
61,2479
61,515
61,2814
61,2111
61,387
61,3735
61,1673
61,63
61,2373
61,2990
61,665
61,719
61,684
61,3528
61,3590
61,2811
61,3627
62,2828
62,2154
62,3195
62,3250
62,3196
62,311
62,128
62,2035
62,3288
62,2473
62,2592
62,3287
62,1300
62,2590
62,3173
62,127
62,2632
62,3103
63,546
63,882
63,1552
63,503
63,74
63,374
63,2673
63,1381
63,887
63,308
63,2051
63,1078
63,405
63,1055
63,936
63,1532
63,988
63,2188
64,102
64,2736
64,2210
64,3673
64,1889
64,3653
64,1943
64,1016
64,95
64,1129
64,3617
64,1479
64,3631
64,1130
64,1014
64,2627
64,3651
64,3448
65,339
65,922
65,1664
65,1110
65,807
65,1778
65,1936
65,3318
65,1927
65,2024
65,2691
65,1141
65,2225
65,1694
65,1896
65,2499
66,2026
66,1284
66,592
66,2032
66,2151
66,3766
66,2138
66,2021
66,2143
66,2031
66,1285
66,3018
66,3745
66,2023
66,1614
66,2020
66,2028
66,3286
67,220
67,2738
67,2370
67,2739
67,1483
67,3112
67,303
67,3082
67,17
67,448
67,1018
68,370
68,204
68,1175
68,535
68,1146
68,1443
68,1250
68,316
68,2351
68,3502
68,3691
68,2941
68,677
68,2155
68,323
68,871
68,3736
68,646
69,993
69,1853
69,167
69,1310
69,1922
69,3498
69,977
69,820
69,1361
69,1315
69,384
69,2088
69,1312
69,2185
69,2848
69,2752
69,1439
69,439
70,589
70,3245
70,3806
70,1349
70,1456
70,1867
70,2082
70,2418
70,3780
70,3832
70,3585
70,1864
70,1470
70,3831
70,2305
70,2708
70,1466
70,1352
71,1099
71,557
71,2446
71,3076
71,1561
71,1648
71,3072
71,1649
71,1564
71,2055
71,2164
71,3071
71,180
71,686
71,2455
72,3669
72,527
72,1655
72,653
72,2240
72,2201
72,1054
72,468
72,2189
72,2543
72,2640
72,867
72,2762
72,86
72,2197
72,1754
72,1434
72,1566
73,3303
73,1863
73,3282
73,3388
73,1996
73,3601
73,3775
73,3305
73,3201
73,2571
73,1136
73,2587
73,2569
73,2524
73,3128
73,3761
73,3602
73,692
74,3538
74,3517
74,830
74,1706
74,3686
74,1778
74,208
74,1772
74,971
74,2131
74,2911
74,3193
74,2831
74,1525
74,3351
74,1245
74,2205
74,1982
75,546
75,2821
75,1545
75,2972
75,1382
75,395
75,1237
75,517
75,2448
75,951
75,355
75,2819
75,575
75,992
75,1305
75,1045
75,872
75,3109
76,1271
76,516
76,1726
76,2369
76,3118
76,1806
76,3371
76,1329
76,3510
76,493
76,2034
76,2343
76,2116
76,846
76,3368
76,484
77,3470
77,55
77,1712
77,698
77,2525
77,3778
77,1421
77,2904
77,2427
77,1951
77,2719
77,3582
77,1987
77,3439
77,2301
77,3445
77,1866
77,1423
78,2723
78,21
78,2255
78,3626
78,608
78,259
78,1269
78,662
78,2519
79,1107
79,320
79,893
79,2893
79,1644
79,3546
79,485
79,3004
79,1051
79,1775
79,2175
79,1575
79,1742
79,2960
79,881
79,1999
79,372
79,363
80,2663
80,34
80,3789
80,1404
80,3200
80,3428
80,1939
80,3189
80,1981
80,3558
80,3559
80,3583
80,3017
80,3280
80,1431
80,1895
80,3792
80,2064
81,231
81,2364
81,2596
81,3040
81,75
81,2264
81,985
81,293
81,1494
81,1359
81,963
81,788
81,2243
81,2350
81,2502
81,2314
81,3825
81,1834
82,134
82,97
82,165
82,2696
82,2653
82,1024
82,1013
82,2924
83,3345
83,2318
83,1786
83,1103
83,2787
83,3530
83,2451
83,238
83,3670
83,105
83,2686
83,1137
83,18
83,2038
83,346
84,2163
84,2434
84,1544
84,2376
84,2396
84,2956
84,3635
84,214
84,91
84,2005
84,1577
84,752
84,2373
84,3049
84,2070
84,3506
84,3007
84,1520
85,1542
85,3290
85,1107
85,2955
85,1541
85,748
85,1428
85,1719
85,2645
85,1791
85,1835
85,3722
85,759
85,877
85,842
85,385
85,2794
85,351
86,1628
86,1522
86,2944
86,3721
86,2669
86,3241
86,2720
86,1718
86,1006
86,3329
86,1568
86,3480
86,2541
86,3410
86,1040
86,1983
86,1291
86,2178
87,3657
87,1440
87,3206
87,3
87,3337
87,1814
87,1455
87,3131
87,2733
87,2130
87,598
87,2628
87,352
87,2622
87,249
87,4
87,2432
87,610
88,453
88,121
88,1265
88,3107
88,1119
88,3504
88,981
88,1368
88,1117
88,1252
88,2742
88,2453
88,930
88,331
88,1369
88,817
88,210
88,1235
89,1911
89,1928
89,3389
89,632
89,3610
89,3114
89,2965
89,247
89,3597
89,1316
89,2937
89,2680
89,2935
89,3077
89,399
89,1318
89,1319
89,2077
90,886
90,1804
90,1778
90,624
90,413
90,774
90,1686
90,747
90,919
90,1684
90,2523
90,729
90,832
90,1692
90,1822
90,2837
90,2368
90,408
91,2749
91,1811
91,844
91,22
91,3124
91,2948
91,980
91,1011
91,3724
91,2816
91,1167
91,1051
91,1264
91,2867
91,1184
91,1342
91,3342
91,476
92,37
92,1985
92,3444
92,2709
92,281
92,3560
92,3285
92,3440
92,1399
92,3140
92,3268
92,1505
92,2564
92,1121
92,2974
92,1940
92,2559
92,45
93,2327
93,1038
93,1477
93,2732
93,2696
93,139
93,3818
93,165
93,2112
93,3453
93,3810
93,3454
93,1491
93,263
93,859
93,3869
93,3464
93,3483
94,2467
94,2465
94,3838
94,50
94,1126
94,2069
94,2267
94,2611
94,3816
94,212
94,1405
94,2612
94,2061
94,2062
94,2365
94,2538
94,2586
94,3136
95,1217
95,1101
95,1053
95,838
95,90
95,956
95,2358
95,611
95,150
95,1196
95,1067
95,635
95,2241
95,1880
95,2224
95,152
95,2159
95,822
96,312
96,25
96,2011
96,1493
96,28
96,3152
96,398
96,126
96,306
96,2629
96,35
96,3473
96,2591
96,1026
96,2335
96,1299
96,1893
96,1288
97,1449
97,3692
97,3521
97,461
97,328
97,118
97,269
97,2303
97,1832
97,2328
97,3031
97,1256
97,3057
97,3352
97,1556
97,2928
97,976
97,2775
98,1474
98,1836
98,1097
98,1303
98,2391
98,916
98,2389
98,14
98,2540
98,144
98,997
98,3515
98,230
98,2103
98,2104
98,2250
98,1876
98,3355
99,434
99,896
99,2462
99,3846
99,3012
99,742
99,1173
99,1001
99,614
99,1375
99,3409
99,2917
99,613
99,3520
99,1020
99,806
99,414
99,566
100,2467
100,2465
100,3838
100,2069
100,3816
100,1126
100,50
100,2611
100,2612
100,3443
100,1405
100,2538
100,2061
100,2338
100,44
100,1480
100,1710
100,1868
101,3534
101,1675
101,2547
101,3618
101,329
101,1793
101,559
101,2601
101,2176
101,1633
101,730
101,1225
101,1548
101,2298
101,1914
101,1247
101,1572
101,2961
102,3472
102,101
102,3632
102,99
102,3406
102,2066
102,3619
102,233
102,426
102,910
102,3620
102,3624
102,2734
102,2166
102,1187
102,722
102,98
102,1497
103,2688
103,912
103,1510
103,1969
103,1798
103,1435
103,3386
103,628
103,3302
103,2472
103,2760
103,3105
103,3301
103,1437
103,3808
103,3267
103,1701
103,2083
104,519
104,1004
104,1590
104,1695
104,2160
104,1820
104,2865
104,2392
104,15
104,897
104,3037
104,2169
104,2862
104,2786
104,888
104,1977
104,3356
104,741
105,3581
105,2270
105,2426
105,3438
105,2558
105,2012
105,2715
105,694
106,256
106,1654
106,2877
106,2880
106,2407
106,1153
106,1022
106,2315
106,2758
106,995
106,1608
106,2317
106,2229
106,1286
106,2963
106,1559
106,2802
106,81
107,2552
107,3136
107,3158
107,3799
107,2613
107,1397
107,2085
107,2562
107,3154
107,3841
107,2047
107,1988
107,3188
107,2422
107,3307
107,1986
107,3493
107,42
108,1659
108,81
108,639
108,1268
108,1179
108,2782
108,715
108,1100
108,3008
108,2983
108,2505
108,3232
108,353
108,1653
108,2508
108,2238
108,3030
108,429
109,3245
109,589
109,583
109,2082
109,1471
109,579
109,1349
109,2081
109,1410
109,3310
109,3585
109,3223
109,2063
109,3557
109,1954
109,3853
109,3553
109,2433
110,428
110,3674
110,3237
110,2260
110,3652
110,165
110,2366
110,2692
110,163
110,3234
110,3630
110,2536
110,3616
110,2167
110,100
111,1956
111,2126
111,516
111,1446
111,1227
111,1726
111,2321
111,1850
111,2435
111,335
111,228
111,2806
111,3048
111,743
111,2307
111,11
111,779
111,3097
112,3607
112,2399
112,3217
112,3608
112,3512
112,1313
112,3680
112,2441
112,569
112,1390
112,330
112,2348
112,3679
112,3710
112,2385
112,1442
112,3505
112,1403
113,1330
113,1917
113,2803
113,3088
113,1779
113,778
113,122
113,3744
113,219
113,3641
113,828
113,3734
113,388
113,1109
113,2783
113,2440
113,2289
113,3343
114,1036
114,3661
114,2408
114,3335
114,2751
114,2754
114,3362
114,2430
114,491
114,3332
114,2299
114,3053
114,3266
114,2290
114,2337
114,2339
114,607
114,1807
115,1702
115,865
115,2124
115,2705
115,2656
115,1425
115,443
115,404
115,2850
115,1365
115,3086
115,831
115,3479
115,1848
115,1118
115,186
115,2648
115,2615
116,245
116,3433
116,1346
116,3803
116,2597
116,156
116,3449
116,2465
116,3423
116,3456
116,3552
116,3434
116,1293
116,3308
116,3425
116,2415
116,1894
116,1468
117,2702
117,3669
117,3360
117,3361
117,1212
117,85
117,2531
117,1030
117,2318
117,2674
117,1254
117,2875
117,119
117,1501
117,2316
117,2212
117,913
117,1037
118,2336
118,1000
118,178
118,2449
118,232
118,2511
118,1651
118,2231
118,258
118,1557
118,115
118,2262
118,1638
118,498
118,1202
118,1203
118,2799
118,810
119,2237
119,2624
119,2457
119,2617
119,1453
119,3142
119,821
119,1120
119,1298
119,24
119,314
119,2284
119,277
119,1750
119,2631
119,543
119,299
119,154
120,636
120,949
120,2434
120,3033
120,83
120,3212
120,1623
120,2086
120,3571
120,1759
120,2272
120,1583
120,1990
120,1339
120,1248
120,3475
120,3519
120,3381
121,2813
121,3043
121,3046
121,551
121,2955
121,905
121,1325
121,1760
121,708
121,1538
121,809
121,3036
121,1595
121,550
121,2145
121,3162
121,296
121,250
122,1338
122,2647
122,767
122,3167
122,359
122,290
122,642
122,1451
122,3671
122,3333
122,891
122,1878
122,3536
122,1766
122,1674
122,3163
122,3261
122,3501
123,2886
123,3331
123,1904
123,2943
123,2106
123,1901
123,1911
123,1928
123,2759
123,768
123,1317
123,1376
123,2463
123,3390
123,570
123,3187
123,29
123,192
124,3341
124,3509
124,3764
124,3129
124,2767
124,594
124,537
124,3275
124,3230
124,3609
124,2550
124,2142
124,1002
124,2089
124,3770
124,1388
124,2137
124,2139
125,2749
125,1811
125,131
125,3589
125,2808
125,979
125,968
125,3314
125,1364
125,356
125,3719
125,2675
125,1527
125,1321
125,1335
125,2158
125,2793
125,2384
126,437
126,1647
126,3752
126,3174
126,3606
126,1052
126,2589
126,3311
126,1071
126,3554
126,3095
126,1162
127,1632
127,1189
127,623
127,676
127,151
127,1797
127,3420
127,2071
127,3059
127,2864
127,2014
127,275
127,757
127,2942
128,76
128,929
128,112
128,3723
128,433
128,142
128,292
128,3370
128,3642
128,1728
128,1164
128,172
128,927
128,2681
128,413
128,326
128,962
128,466
129,1979
129,3596
129,2709
129,2101
129,3016
129,2040
129,3773
129,1393
129,1123
129,3246
129,3771
129,2412
129,633
129,48
129,3777
129,3578
129,1505
129,2354
130,3581
130,3470
130,1962
130,3843
130,2975
130,3438
130,1905
130,3429
130,2419
130,3844
130,52
130,1412
130,3787
130,2080
130,3471
130,39
130,3574
130,3151
131,1379
131,945
131,2898
131,1308
131,2045
131,3417
131,402
131,909
131,197
131,531
131,1190
131,2755
131,3398
131,1385
131,880
132,2008
132,1132
132,571
132,3369
132,345
132,2007
132,2838
132,3403
132,1195
132,703
132,2791
132,502
132,2872
132,1549
132,616
132,643
132,2608
132,1973
133,716
133,2798
133,634
133,2397
133,2437
133,1554
133,1815
133,325
133,1331
133,3383
133,2800
133,808
133,2003
133,1705
133,967
133,2939
133,663
133,3414
134,3705
134,1997
134,1426
134,3490
134,811
134,3859
134,3860
134,1289
134,3703
134,2180
134,3782
134,2907
134,760
134,3300
134,1700
134,1937
134,3127
134,3809
135,1702
135,1930
135,3550
135,1191
135,920
135,3507
135,2374
135,1605
135,746
135,2046
135,3126
135,770
135,155
135,447
135,2822
135,1823
135,2218
135,773
136,2853
136,92
136,226
136,1537
136,2744
136,1829
136,225
136,645
136,266
136,834
136,1457
136,1138
136,2509
136,1749
136,3861
136,1432
136,1536
136,1444
137,3341
137,2030
137,2029
137,3340
137,486
137,2058
137,3130
137,2770
137,2766
137,1680
137,3229
137,3746
137,2728
137,595
137,3767
137,1450
137,3276
137,2141
138,720
138,953
138,3115
138,2929
138,2487
138,70
138,1007
138,818
138,661
138,3700
138,1764
138,1375
138,1240
138,213
138,3120
138,1794
138,1970
138,1625
139,656
139,1158
139,2607
139,3006
139,1570
139,3203
139,1056
139,202
139,751
139,3026
139,221
139,3461
139,378
139,2187
139,1826
139,3253
139,133
139,573
140,1239
140,1747
140,964
140,3485
140,3486
140,2495
140,670
140,510
140,2671
140,333
140,1788
140,3022
140,297
140,3161
140,2377
140,937
140,2574
140,3184
141,2318
141,211
141,648
141,3182
141,3094
141,321
141,2273
141,524
141,875
141,1255
141,2355
141,469
141,536
141,1650
141,2359
141,3826
141,1458
141,2556
142,1230
142,1711
142,3155
142,681
142,2906
142,2194
142,3306
142,3704
142,3855
142,3858
142,626
142,986
143,1407
143,3794
143,3790
143,1953
143,3298
143,1430
143,3133
143,3400
143,1348
143,2041
143,3783
144,67
144,1101
144,2658
144,530
144,1562
144,2503
144,3038
144,1660
144,525
144,3068
144,507
144,3044
144,182
144,183
144,1560
144,1178
144,1563
144,2881
145,2693
145,3619
145,1017
145,3365
145,2696
145,816
145,3623
145,1499
145,170
145,1515
145,3675
145,3637
145,2698
146,761
146,422
146,2216
146,1452
146,3325
146,3845
146,938
146,3387
146,2900
146,2568
146,31
146,3220
146,3145
146,440
146,878
146,2367
146,424
146,1465
147,3538
147,2481
147,750
147,420
147,1582
147,2491
147,1241
147,847
147,3172
147,327
147,1668
147,2778
147,1338
147,689
147,1009
147,3739
147,2271
147,2923
148,2211
148,973
148,383
148,1261
148,1604
148,3093
148,195
148,2156
149,1356
149,3523
149,2494
149,605
149,3374
149,2134
149,2940
149,2042
149,889
149,2908
149,2991
149,756
149,3566
149,3382
149,2498
149,3045
149,2132
149,2200
150,2439
150,2911
150,3658
150,12
150,839
150,2009
150,257
150,866
150,1784
150,2015
150,2044
150,3518
150,1796
150,462
150,1463
150,3159
150,1145
150,2764
151,383
151,2211
151,2326
151,1257
151,1886
152,2278
152,3572
152,2887
152,3598
152,2967
152,1968
152,2293
152,1903
152,581
152,2825
152,3099
152,2889
152,1436
152,1855
152,2129
152,563
153,1596
153,2027
153,317
153,3539
153,1384
153,2957
153,928
153,2067
153,2144
153,741
153,1502
153,1526
153,2322
153,1741
153,723
153,2323
153,2795
153,430
154,483
154,1935
154,1723
154,982
154,3698
154,1606
154,1168
154,840
154,617
154,368
154,2010
154,3378
154,1774
154,1049
155,301
155,3559
155,2557
155,3837
155,697
155,2664
155,3798
155,2560
155,2466
155,3204
155,3556
155,2283
155,3134
155,3562
155,2459
155,3772
155,2717
155,2644
156,3645
156,383
156,1490
156,1257
156,1860
156,1048
156,403
156,2633
156,1260
156,1192
156,3315
156,1259
156,2456
156,3870
156,3760
156,2833
156,1210
156,1261
157,1012
157,3677
157,428
157,3079
157,2701
157,1015
157,2735
157,103
157,243
157,2654
157,1511
157,3622
157,3236
157,3081
157,2655
157,3235
157,94
157,1478
158,165
158,1512
158,2696
158,2697
158,1499
158,2693
158,3818
158,3819
158,3075
158,2695
158,2535
158,3365
158,418
158,307
158,164
158,3676
158,2694
158,1891
159,1899
159,271
159,1492
159,2642
159,283
159,2268
159,3811
159,3805
159,3199
159,2662
159,3563
159,27
159,2423
159,1920
159,1401
159,1128
159,33
159,1591
160,512
160,1528
160,3047
160,1032
160,2202
160,3358
160,3317
160,3535
160,552
160,1171
160,1387
160,2443
160,1297
160,2546
160,3109
160,2790
160,3405
160,723
161,2380
161,1924
161,2140
161,3062
161,2777
161,2153
161,1598
161,3570
161,3455
161,1751
161,1761
161,3110
161,826
161,265
161,6
161,1004
161,2383
161,701
162,1417
162,3015
162,2677
162,2981
162,2579
162,1907
162,1408
162,2537
162,972
162,2977
162,3247
162,2016
162,3822
162,279
162,3591
162,2095
162,3487
162,3430
163,454
163,911
163,322
163,1498
163,934
163,193
163,1267
163,841
163,2329
163,1931
163,2190
163,2847
163,2381
163,3694
163,1309
163,1320
163,3108
163,1925
164,1596
164,2146
164,340
164,267
164,1008
164,1933
164,1165
164,2748
164,3116
164,2616
164,460
164,1977
164,1776
164,1433
164,110
164,2668
164,1708
164,3104
165,362
165,2835
165,2074
165,488
165,2072
165,501
165,298
165,140
165,3327
165,1019
165,2779
165,2285
165,2347
165,1005
165,3344
165,2741
165,3404
165,1617
166,2039
166,3592
166,1471
166,3581
166,3577
166,2053
166,1418
166,1890
166,908
166,57
166,2091
166,2419
166,694
166,3574
166,1354
166,1409
166,3813
166,2718
167,3513
167,2209
167,3319
167,2045
167,3320
167,80
167,1314
167,940
167,3346
167,2898
167,2899
167,947
167,1311
167,201
167,2730
167,690
168,3644
168,375
168,1028
168,3511
168,2893
168,319
168,2448
168,921
168,2555
168,2953
168,2931
168,2232
168,2230
168,1161
168,1244
168,1661
168,3726
168,1035
169,896
169,892
169,379
169,1678
169,994
169,1025
169,295
169,933
169,3354
169,3737
169,1273
169,1722
169,1622
169,237
169,109
169,1998
169,1219
169,2513
170,1021
170,3542
170,924
170,3100
170,3323
170,615
170,1669
170,554
170,1993
170,1994
170,2208
170,318
170,2387
170,3063
170,2544
170,2845
170,3003
170,2784
171,656
171,2150
171,1194
171,2306
171,2244
171,2056
171,2248
171,347
171,2761
171,89
171,3055
171,1812
171,3564
171,2223
171,732
171,3240
171,797
171,1214
172,3353
172,481
172,3011
172,2379
172,2458
172,1849
172,2606
172,3740
172,3712
172,1992
172,3575
172,1809
172,69
172,888
172,3665
172,2753
172,1926
172,2386
173,2456
173,1257
173,344
173,2700
173,383
173,1486
173,2442
173,1487
173,1261
173,361
173,166
173,3870
173,1258
173,970
173,3326
173,3364
173,1333
173,349
174,590
174,2493
174,2486
174,856
174,805
174,474
174,274
174,1971
174,2910
174,496
174,3565
174,3209
174,3462
174,619
174,386
174,2570
174,599
174,678
175,2163
175,3538
175,625
175,2396
175,2657
175,158
175,1579
175,445
175,1082
175,3376
175,600
175,1753
175,1676
175,2638
175,931
175,923
175,1272
175,499
176,393
176,1758
176,2405
176,3374
176,1581
176,1679
176,413
176,1778
176,1085
176,717
176,3380
176,420
176,1666
176,3178
177,2970
177,1374
177,2507
177,497
177,1921
177,2235
177,365
177,2246
177,3503
177,2239
177,162
177,1445
177,3056
177,107
177,174
177,3499
177,2699
178,546
178,2474
178,59
178,1337
178,1168
178,1381
178,3527
178,1777
178,3378
178,74
178,574
178,998
178,1529
178,3357
178,1367
178,1485
178,3573
178,1282
179,2467
179,1906
179,3795
179,3428
179,2530
179,2062
179,3558
179,2578
179,3441
179,3021
179,3202
179,3296
179,3299
179,2061
179,3388
179,3200
179,3014
179,2353
180,2191
180,3158
180,2041
180,2460
180,1881
180,2584
180,3418
180,3799
180,2588
180,695
180,1944
180,1518
180,1938
180,1293
180,32
180,49
180,1350
180,3685
181,3581
181,2426
181,2092
181,3469
181,3438
181,2098
181,3445
181,1905
181,589
181,3223
181,2099
181,1978
181,2712
181,3399
181,2100
181,1156
181,3776
181,3338
182,262
182,2199
182,2479
182,2820
182,2111
182,3013
182,364
182,861
182,804
182,3263
182,465
182,1068
182,387
182,435
182,449
182,3743
182,1974
182,3545
183,1877
183,489
183,2477
183,2006
183,772
183,3373
183,2004
183,3169
183,707
183,1253
183,518
183,2659
183,1677
183,727
183,728
183,2849
183,2177
183,3629
184,2740
184,2606
184,2932
184,2567
184,3628
184,373
184,2948
184,2599
184,3225
184,2810
184,1332
184,3117
184,758
184,2402
184,2636
184,1531
184,2313
184,2949
185,123
185,3482
185,337
185,1841
185,3397
185,1064
185,3867
185,23
185,1838
185,2404
185,1830
185,2304
185,1065
185,2832
185,1831
185,1828
185,2921
185,2344
186,288
186,2431
186,3111
186,2221
186,3231
186,1574
186,660
186,639
186,1503
186,823
186,270
186,3762
186,3614
186,2447
186,2510
186,184
186,644
186,260
187,120
187,3058
187,987
187,2526
187,143
187,1063
187,1697
187,900
187,3243
187,1805
187,1630
187,2360
187,975
187,3646
187,1839
187,3106
187,2252
187,714
188,3171
188,2123
188,1665
188,2994
188,412
188,2388
188,310
188,1813
188,253
188,3177
188,3701
188,1188
188,2527
188,495
188,621
188,3715
188,765
188,1803
189,3555
189,1631
189,1821
189,3747
189,1970
189,1140
189,3491
189,324
189,3370
189,3064
189,366
189,161
189,2050
189,3847
189,588
189,884
189,1159
189,2620
190,737
190,1
190,3529
190,3662
190,3459
190,3149
190,1215
190,2108
190,2947
190,2896
190,2464
190,3339
190,3185
190,2926
190,477
190,3255
190,2265
190,1263
191,1249
191,1770
191,1084
191,3090
191,3125
191,457
191,989
191,2801
191,668
191,1576
191,130
191,3035
191,3742
191,675
191,3005
191,2401
191,2870
191,2912
192,993
192,1853
192,3639
192,2234
192,3065
192,2341
192,795
192,780
192,78
192,2349
193,467
193,70
193,419
193,2973
193,2805
193,764
193,3725
193,1345
193,1594
193,111
193,470
193,169
193,641
193,1816
193,2222
193,1278
193,786
193,60
194,2857
194,254
194,2485
194,755
194,3684
194,2375
194,508
194,772
194,2757
194,2334
194,3584
194,528
194,1253
194,3059
194,1246
194,3000
194,2490
194,728
195,2318
195,194
195,211
195,3827
195,2276
195,66
195,207
195,3693
195,3625
195,2989
195,1473
195,287
195,2890
195,68
195,2556
195,1218
195,2121
195,2684
196,1516
196,251
196,3238
196,2345
196,848
196,3868
196,2300
196,687
196,3066
196,1513
196,1231
196,1003
196,1066
196,1843
196,2198
196,2361
196,3219
196,2542
197,65
197,1746
197,2830
197,3394
197,376
197,511
197,3181
197,2319
197,159
197,1768
197,991
197,1150
197,1578
197,551
197,509
197,2111
197,1047
197,802
198,2245
198,585
198,239
198,1858
198,367
198,2626
198,1840
198,168
198,534
198,960
198,738
198,2183
198,658
198,1837
198,188
198,2885
198,2625
198,2920
199,433
199,2227
199,2789
199,1460
199,444
199,2855
199,2853
199,1611
199,3720
199,1859
199,1593
199,1778
199,3481
199,3569
199,1573
199,431
199,3385
199,1530
200,3733
200,92
200,1537
200,3244
200,1584
200,1163
200,181
200,2858
200,1743
200,2834
200,1324
200,198
200,1366
200,1960
200,2266
200,3654
200,2679
200,1629
201,745
201,3092
201,3070
201,3170
201,567
201,442
201,3738
201,1667
201,173
201,1693
201,1672
201,2171
201,500
201,3148
201,3531
201,3194
201,1602
201,649
202,1642
202,814
202,2879
202,969
202,1856
202,1182
202,3711
202,1641
202,3415
202,1153
202,2312
202,1558
202,1286
202,2876
202,77
202,1170
202,1180
202,1923
203,2374
203,2492
203,2916
203,2186
203,1781
203,451
203,3359
203,915
203,1157
203,849
203,3260
203,1600
203,2667
203,392
203,3029
203,853
203,441
203,2482
204,452
204,1098
204,1755
204,3366
204,2936
204,106
204,2002
204,2257
204,2102
204,1898
204,796
204,1323
204,3322
204,2470
204,438
204,731
204,939
204,1143
205,425
205,1869
205,699
206,854
206,2704
206,2665
206,1023
206,2773
206,1508
206,2703
206,1902
206,2297
206,2897
206,3648
206,3321
206,3156
206,2894
206,3656
206,2765
206,30
206,381
207,596
207,3765
207,1908
207,2019
207,1699
207,2726
207,2147
207,3769
207,2727
207,3768
207,1481
207,2152
207,2033
207,2475
207,1567
207,1870
207,3180
207,539
208,3033
208,602
208,2374
208,601
208,3207
208,827
208,343
208,3541
208,538
208,3863
208,1919
208,3540
208,2792
208,926
208,222
208,3218
208,1475
208,710
209,3791
209,1230
209,342
209,3749
209,777
209,3460
209,3514
209,3864
209,3754
209,691
209,2181
209,669
209,2236
209,3753
210,2172
210,1033
210,1230
210,3791
210,688
210,2905
210,1302
210,794
210,3857
210,2554
210,1292
210,3856
210,704
210,3763
210,1031
210,3709
210,3759
210,630
211,3842
211,304
211,1398
211,2598
211,1304
211,3790
211,1955
211,3800
211,3222
211,3132
211,3431
211,3836
211,1980
211,3400
211,3281
211,272
211,3393
211,3427
212,220
212,1764
212,203
212,1757
212,3708
212,1111
212,2484
212,1307
212,1373
212,1782
212,791
212,2170
212,2873
212,2776
212,637
212,2746
212,2788
212,1113
213,3732
213,1058
213,3374
213,2856
213,2073
213,1355
213,3568
213,1144
213,3164
213,2087
213,2113
213,2469
213,3379
213,3699
213,3377
213,3259
213,2115
213,1586
214,716
214,2838
214,215
214,952
214,1093
214,135
214,2863
214,2724
214,2818
214,1852
214,3384
214,1714
214,1918
214,3214
214,391
214,2444
214,1609
214,2127
215,3824
215,1495
215,1655
215,1101
215,1565
215,549
215,2878
215,1181
215,354
215,2311
215,1857
215,2276
215,2982
215,1287
215,659
215,2445
215,3312
215,141
216,282
216,1476
216,47
216,2061
216,3456
216,3820
216,3492
216,1948
216,2580
216,2635
216,3271
216,2421
216,3283
216,1415
216,1208
216,3435
216,3186
216,2417
217,1601
217,3526
217,1242
217,2914
217,129
217,2995
217,2874
217,836
217,2909
217,187
217,672
217,2330
217,740
217,2987
217,3713
217,3157
217,1050
217,494
218,134
218,175
218,3407
218,2731
218,2215
218,2259
218,2903
218,2672
218,2630
218,3650
218,132
218,1234
218,2076
218,1186
218,3634
218,2184
218,1183
218,96
219,2101
219,3533
219,255
219,2582
219,2220
219,3347
219,244
219,2048
219,3815
219,38
219,478
219,2549
219,2978
219,3304
219,1139
219,285
219,3426
219,2414
220,1326
220,2545
220,389
220,2707
220,3714
220,574
220,864
220,3098
220,564
220,2605
220,2522
220,2999
220,2950
220,3123
220,3731
220,1371
220,1932
220,3687
221,2621
221,706
221,1115
221,3484
221,3666
221,529
221,1424
221,1327
221,1223
221,3078
221,2948
221,2555
221,3690
221,3375
221,843
221,825
221,2378
221,552
222,1596
222,1637
222,645
222,885
222,1270
222,3511
222,999
222,375
222,1281
222,1336
222,278
222,3122
222,1243
222,2893
222,1283
222,555
222,2882
222,803
223,1174
223,1612
223,2324
223,415
223,1519
223,2933
223,1610
223,264
223,869
223,1392
223,3313
223,1205
223,3681
223,3160
223,1199
223,1042
223,2162
223,3508
224,1151
224,3328
224,2823
224,2512
224,2946
224,990
224,932
224,2228
224,455
224,2649
224,2602
224,20
224,3683
224,3083
224,1010
224,2263
224,206
224,1652
225,1328
225,1257
225,2456
225,2118
226,3019
226,1069
226,209
226,473
226,948
226,2756
226,2333
226,234
226,189
226,1060
226,957
226,652
226,2161
226,240
226,1206
226,241
226,199
226,1207
227,305
227,3422
227,2919
227,191
227,2295
227,3848
227,276
227,576
227,2827
227,1892
227,1232
227,2281
227,2593
227,2945
227,1072
227,1636
227,9
227,2895
228,205
228,229
228,3401
228,2785
228,114
228,2520
228,3672
228,2651
228,1504
228,3478
228,2883
228,2968
228,1879
228,3146
228,1447
228,3659
228,1657
228,819
229,2578
229,2722
229,2292
229,3492
229,1411
229,2094
229,2514
229,3812
229,2409
229,3463
229,3446
229,1950
229,2425
229,3835
229,2420
229,3802
229,1947
229,3465
230,483
230,2362
230,1224
230,1704
230,1114
230,1074
230,553
230,1723
230,2532
230,3544
230,1380
230,1721
230,1707
230,3233
230,490
230,1534
230,1966
230,475
231,3717
231,3025
231,673
231,1690
231,2013
231,521
231,1148
231,436
231,1626
231,2382
231,1057
231,464
231,3727
231,3210
231,3001
231,1748
231,2274
231,2892
232,2434
232,609
232,1792
232,492
232,1824
232,2706
232,3587
232,2980
232,2954
232,1523
232,1543
232,674
232,1730
232,1459
232,620
232,3262
232,944
232,735
233,2282
233,2258
233,3804
233,3805
233,1861
233,3817
233,3561
233,2637
233,149
233,2676
233,2068
233,2646
233,1995
233,1360
233,1875
233,3278
233,196
233,2551
234,2325
234,1596
234,1083
234,1818
234,3191
234,1032
234,3741
234,1484
234,3192
234,898
234,552
234,561
234,544
234,1717
234,2403
234,2269
234,638
234,3730
235,1544
235,1029
235,1765
235,2836
235,1762
235,734
235,801
235,3101
235,3080
235,2996
235,1724
235,463
235,2641
235,1592
235,1587
235,377
235,1688
235,336
236,1194
236,1046
236,1198
236,2745
236,3242
236,268
236,88
236,2429
236,93
236,3668
236,2888
236,3166
236,1220
236,1039
236,1125
236,3605
236,1070
236,1193
237,3249
237,1900
237,157
237,1027
237,242
237,2772
237,2296
237,3198
237,1400
237,2891
237,10
237,700
237,2107
237,1377
237,2594
237,2302
237,1236
237,2925
238,2426
238,2270
238,2039
238,2575
238,907
238,3392
238,2581
238,3139
238,2012
238,3309
238,2018
238,3141
238,1467
238,901
238,3147
238,1127
238,1945
238,1472
239,3054
239,2687
239,1211
239,1222
239,3239
239,2363
239,1429
239,2182
239,1216
239,153
239,2884
239,1061
239,2922
239,651
239,1200
239,2428
239,1887
239,3638
240,2607
240,434
240,2008
240,171
240,721
240,1275
240,1745
240,411
240,2843
240,2969
240,2911
240,1166
240,954
240,1358
240,3728
240,409
240,1709
240,3009
241,578
241,3450
241,3467
241,41
241,3136
241,2577
241,3828
241,47
241,693
241,1348
241,2288
241,2294
241,1964
241,3758
241,3224
241,1413
241,2461
241,3020
242,1601
242,618
242,2163
242,2001
242,3177
242,3696
242,784
242,1593
242,756
242,709
242,2682
242,2122
242,280
242,3175
242,655
242,984
242,2566
242,829
243,434
243,800
243,917
243,2623
243,618
243,2486
243,712
243,3516
243,1155
243,1553
243,309
243,2743
243,289
243,782
243,3416
243,2398
243,2533
243,1854
244,3158
244,906
244,3350
244,1402
244,40
244,2573
244,3270
244,3839
244,695
244,3135
244,304
244,2588
244,2829
244,1942
244,3295
244,1353
244,3424
244,2060
245,506
245,2340
245,2196
245,1482
245,914
245,2471
245,763
245,82
245,3612
245,2774
245,2988
245,2109
245,2356
245,2357
246,2119
246,2846
246,1306
246,1882
246,815
246,3458
246,1034
246,2528
246,2902
246,955
246,3871
246,1500
246,124
246,1277
246,2105
246,177
246,1276
246,1883
247,1555
247,1659
247,1102
247,3621
247,711
247,113
247,1658
247,1640
247,2689
247,2657
247,2450
247,749
247,357
247,1152
247,3866
247,3751
247,2308
247,3689
248,1808
248,2277
248,2666
248,1618
248,1096
248,1916
248,1514
248,2394
248,3682
248,2826
248,104
248,2501
248,3849
248,1343
248,3678
248,3851
248,1095
248,3850
249,1621
249,1517
249,427
249,812
249,1734
249,2964
249,423
249,950
249,2979
249,3497
249,1844
249,1671
249,72
249,974
249,879
249,2476
249,1732
249,3336
250,1383
250,1607
250,1744
250,565
250,845
250,3119
250,2725
250,1776
250,874
250,3852
250,1087
250,1079
250,736
250,3291
250,3069
250,1243
250,547
250,1738
